{
  "step_qonnx_to_finn": 7.486343383789062e-05,
  "step_tidy_up": 0.05151247978210449,
  "step_streamline": 0.9284720420837402,
  "step_convert_to_hls": 0.007590293884277344,
  "step_create_dataflow_partition": 0.003583192825317383,
  "step_target_fps_parallelization": 0.00847768783569336,
  "step_apply_folding_config": 5.7220458984375e-06,
  "step_minimize_bit_width": 0.012268543243408203,
  "step_generate_estimate_reports": 4.0531158447265625e-06,
  "step_hls_codegen": 1.2005455493927002,
  "step_hls_ipgen": 71.3676369190216,
  "step_set_fifo_depths": 84.77003908157349,
  "step_create_stitched_ip": 22.882628440856934,
  "step_measure_rtlsim_performance": 4.954037666320801,
  "step_out_of_context_synthesis": 267.4257102012634,
  "step_synthesize_bitfile": 7.3909759521484375e-06,
  "step_make_pynq_driver": 7.152557373046875e-06,
  "step_deployment_package": 2.86102294921875e-06
}