{
  "N_IN_TXNS": 4096000,
  "N_OUT_TXNS": 8000,
  "cycles": 147490748,
  "N": 1000,
  "latency_cycles": 173213,
  "runtime[ms]": 1474.90748,
  "throughput[images/s]": 678.0086300735284,
  "fclk[mhz]": 100.0,
  "stable_throughput[images/s]": 678.805819008579
}