{
  "N_IN_TXNS": 6000000,
  "N_OUT_TXNS": 10000,
  "cycles": 384018083,
  "N": 10000,
  "latency_cycles": 46484,
  "runtime[ms]": 3840.1808300000002,
  "throughput[images/s]": 2604.0440392490577,
  "fclk[mhz]": 100.0,
  "stable_throughput[images/s]": 2604.3592875211584
}