{
  "N_IN_TXNS": 15000,
  "N_OUT_TXNS": 1000,
  "cycles": 72136,
  "N": 1000,
  "latency_cycles": 208,
  "runtime[ms]": 0.72136,
  "throughput[images/s]": 1386270.3781745592,
  "fclk[mhz]": 100.0,
  "stable_throughput[images/s]": 1390279.1680569455
}