{
  "step_qonnx_to_finn": 7.200241088867188e-05,
  "step_tidy_up": 0.041532278060913086,
  "step_streamline": 0.9908525943756104,
  "step_convert_to_hls": 0.007528066635131836,
  "step_create_dataflow_partition": 0.003467559814453125,
  "step_target_fps_parallelization": 0.008895397186279297,
  "step_apply_folding_config": 6.198883056640625e-06,
  "step_minimize_bit_width": 0.011793851852416992,
  "step_generate_estimate_reports": 4.0531158447265625e-06,
  "step_hls_codegen": 1.2130491733551025,
  "step_hls_ipgen": 66.82958650588989,
  "step_set_fifo_depths": 81.48452353477478,
  "step_create_stitched_ip": 24.903964281082153,
  "step_measure_rtlsim_performance": 2.909036874771118,
  "step_out_of_context_synthesis": 289.0243799686432,
  "step_synthesize_bitfile": 4.5299530029296875e-06,
  "step_make_pynq_driver": 3.5762786865234375e-06,
  "step_deployment_package": 3.0994415283203125e-06
}