{
  "step_qonnx_to_finn": 7.677078247070312e-05,
  "step_tidy_up": 0.05022859573364258,
  "step_streamline": 0.9286994934082031,
  "step_convert_to_hls": 0.007444858551025391,
  "step_create_dataflow_partition": 0.0035011768341064453,
  "step_target_fps_parallelization": 0.008125066757202148,
  "step_apply_folding_config": 3.814697265625e-06,
  "step_minimize_bit_width": 0.011658191680908203,
  "step_generate_estimate_reports": 4.291534423828125e-06,
  "step_hls_codegen": 1.0813376903533936,
  "step_hls_ipgen": 64.55685567855835,
  "step_set_fifo_depths": 82.22278475761414,
  "step_create_stitched_ip": 24.442748546600342,
  "step_measure_rtlsim_performance": 4.708843469619751,
  "step_out_of_context_synthesis": 293.3296627998352,
  "step_synthesize_bitfile": 9.5367431640625e-06,
  "step_make_pynq_driver": 5.245208740234375e-06,
  "step_deployment_package": 4.76837158203125e-06
}