{
  "step_qonnx_to_finn": 0.00010943412780761719,
  "step_tidy_up": 0.08722710609436035,
  "step_streamline": 2.216627597808838,
  "step_convert_to_hls": 0.01405644416809082,
  "step_create_dataflow_partition": 0.006920814514160156,
  "step_target_fps_parallelization": 0.008251190185546875,
  "step_apply_folding_config": 5.9604644775390625e-06,
  "step_minimize_bit_width": 0.020838022232055664,
  "step_generate_estimate_reports": 4.5299530029296875e-06,
  "step_hls_codegen": 6.188726186752319,
  "step_hls_ipgen": 222.83874106407166,
  "step_set_fifo_depths": 142.8599922657013,
  "step_create_stitched_ip": 229.59138298034668,
  "step_measure_rtlsim_performance": 1301.0511524677277,
  "step_out_of_context_synthesis": 397.9252076148987,
  "step_synthesize_bitfile": 6.4373016357421875e-06,
  "step_make_pynq_driver": 2.86102294921875e-06,
  "step_deployment_package": 3.337860107421875e-06
}