{
  "step_qonnx_to_finn": 6.222724914550781e-05,
  "step_tidy_up": 0.0391843318939209,
  "step_streamline": 0.9554414749145508,
  "step_convert_to_hls": 0.0077173709869384766,
  "step_create_dataflow_partition": 0.0036597251892089844,
  "step_target_fps_parallelization": 0.009091854095458984,
  "step_apply_folding_config": 4.5299530029296875e-06,
  "step_minimize_bit_width": 0.01215982437133789,
  "step_generate_estimate_reports": 6.4373016357421875e-06,
  "step_hls_codegen": 1.1405630111694336,
  "step_hls_ipgen": 66.71048641204834,
  "step_set_fifo_depths": 78.83453321456909,
  "step_create_stitched_ip": 22.480401277542114,
  "step_measure_rtlsim_performance": 3.3026344776153564,
  "step_out_of_context_synthesis": 265.8070766925812,
  "step_synthesize_bitfile": 3.5762786865234375e-06,
  "step_make_pynq_driver": 5.7220458984375e-06,
  "step_deployment_package": 2.1457672119140625e-06
}