{
  "step_qonnx_to_finn": 4.9114227294921875e-05,
  "step_tidy_up": 0.02916121482849121,
  "step_streamline": 1.3128581047058105,
  "step_convert_to_hls": 0.012009143829345703,
  "step_create_dataflow_partition": 0.011469125747680664,
  "step_target_fps_parallelization": 0.01372385025024414,
  "step_apply_folding_config": 4.0531158447265625e-06,
  "step_minimize_bit_width": 0.11842584609985352,
  "step_generate_estimate_reports": 2.6226043701171875e-06,
  "step_hls_codegen": 0.3648569583892822,
  "step_hls_ipgen": 220.72005939483643,
  "step_set_fifo_depths": 156.9125952720642,
  "step_create_stitched_ip": 19.91710615158081,
  "step_measure_rtlsim_performance": 842.8812754154205,
  "step_out_of_context_synthesis": 5.9604644775390625e-06,
  "step_synthesize_bitfile": 2.1457672119140625e-06,
  "step_make_pynq_driver": 1.9073486328125e-06,
  "step_deployment_package": 2.1457672119140625e-06
}