{
  "N_IN_TXNS": 409600,
  "N_OUT_TXNS": 100,
  "cycles": 18438702,
  "N": 100,
  "latency_cycles": 190032,
  "runtime[ms]": 184.38702,
  "throughput[images/s]": 542.3375246261911,
  "fclk[mhz]": 100.0,
  "stable_throughput[images/s]": 547.9851408349211
}