{
  "N_IN_TXNS": 409600,
  "N_OUT_TXNS": 100,
  "cycles": 9222929,
  "N": 100,
  "latency_cycles": 97901,
  "runtime[ms]": 92.22929,
  "throughput[images/s]": 1084.2542537191819,
  "fclk[mhz]": 100.0,
  "stable_throughput[images/s]": 1095.8870482370025
}