{
  "N_IN_TXNS": 15000,
  "N_OUT_TXNS": 1000,
  "cycles": 73140,
  "N": 1000,
  "latency_cycles": 213,
  "runtime[ms]": 0.7314,
  "throughput[images/s]": 1367240.9078479628,
  "fclk[mhz]": 100.0,
  "stable_throughput[images/s]": 1371234.2479465767
}