{
  "step_qonnx_to_finn": 5.7697296142578125e-05,
  "step_tidy_up": 0.04277348518371582,
  "step_streamline": 0.8423595428466797,
  "step_convert_to_hls": 0.016665935516357422,
  "step_create_dataflow_partition": 0.0030052661895751953,
  "step_target_fps_parallelization": 0.0074193477630615234,
  "step_apply_folding_config": 5.0067901611328125e-06,
  "step_minimize_bit_width": 0.010553836822509766,
  "step_generate_estimate_reports": 0.014578580856323242
}