{
  "step_qonnx_to_finn": 6.29425048828125e-05,
  "step_tidy_up": 0.05291891098022461,
  "step_streamline": 0.9656097888946533,
  "step_convert_to_hls": 0.01635265350341797,
  "step_create_dataflow_partition": 0.0035448074340820312,
  "step_target_fps_parallelization": 0.009179115295410156,
  "step_apply_folding_config": 4.0531158447265625e-06,
  "step_minimize_bit_width": 0.012655258178710938,
  "step_generate_estimate_reports": 0.013396263122558594
}