{
  "step_qonnx_to_finn": 0.00013947486877441406,
  "step_tidy_up": 0.153167724609375,
  "step_streamline": 2.2029027938842773,
  "step_convert_to_hls": 0.06882357597351074,
  "step_create_dataflow_partition": 0.007696628570556641,
  "step_target_fps_parallelization": 0.01722097396850586,
  "step_apply_folding_config": 5.7220458984375e-06,
  "step_minimize_bit_width": 0.040754079818725586,
  "step_generate_estimate_reports": 0.03600168228149414
}